titles,descriptions,authors,times,links
6 Easy Steps to Write Test Summary Report (TSR) or Test Closure Report – Free Sample TSR to download,"In this article, we will learn what is Test Summary Report? Who prepares it? when is it prepared? Who are the stakeholders? What are the points to include in TSR",Shilpa,"May 14, 2018",https://www.opencodez.com/software-testing/6-easy-steps-to-write-test-summary-report.htm
An Introduction to Microservices Architecture – Simple and Easy To Understand,"You must have been on a train many times in your life, but have you noticed the architectural pattern of the train. Is it Microservices Architecture? let us see. The trains",Rahul,"May 11, 2018",https://www.opencodez.com/web-development/introduction-microservices-architecture.htm
Understanding Performance Improvement for Map in Java 8,"What is new in Java 8 for Map!! Folks, A significant change has been shipped in Java 8 release for Map. Of course, it is leaving the shore for better",Rahul,"May 9, 2018",https://www.opencodez.com/java/java8-map-performance-improvements.htm
Java Behavioral Design Patterns – Memento Design Pattern,"In this article, we will cover one Memento Design Pattern which is categorized under behavioral design patterns. This pattern provides the capability to provide a restore (like undo) functionality over an",Supriya,"May 5, 2018",https://www.opencodez.com/java/memento-design-pattern.htm
Simple Text Classification using Keras Deep Learning Python Library – Step By Step Guide,"Deep Learning is everywhere. All organizations big or small, trying to leverage the technology and invent some cool solutions. In this article, we will do a text classification using Keras",Pavan,"Apr 30, 2018",https://www.opencodez.com/how-to-guide/text-classification-using-keras.htm
Simple Guide to Improve Code Quality With SonarLint,"In this article, we will learn to Configure sonarLint in IDE, identify and fix quality gaps, and improve our Code Quality With Sonarlint. Oops!! how could I missed it!! this",Rahul,"Apr 26, 2018",https://www.opencodez.com/how-to-guide/improve-code-quality-with-sonarlint.htm
Java Behavioral Design Patterns – Observer Design Pattern,"Observer Design Pattern is listed under Behavioral Design Patterns as it can alter the behavior of the program. In this article, we will understand this pattern with a simple example. This",Supriya,"Apr 16, 2018",https://www.opencodez.com/java/observer-design-pattern.htm
Salesforce Tutorial# 16: Learning Salesforce Apex and Deployment Tools,"Apex is the backbone of Salesforce development. In this article, we will see a few points that will help you in Learning Salesforce Apex. Introduction of Salesforce Apex Classes: Apex",Renuka,"Apr 8, 2018",https://www.opencodez.com/salesforce/salesforce-tutorial-16-learning-apex-deployment-tools.htm
Spring Mobile To Detect Device In Java Web Application – Source Code on GitHub,"Spring Mobile is an extension to Spring MVC framework. It primarily aims to simplify the development of mobile web applications. Spring Mobile To Detect Device: In this article, we will",Pavan,"Apr 5, 2018",https://www.opencodez.com/java/device-detection-using-spring-mobile.htm
Java Behavioral Design Patterns – Mediator Design Pattern,"In this article, we will understand Mediator Design Pattern. This pattern is categorized under behavioral pattern as it can alter the program’s running behavior. In some cases, the program is made up by",Supriya,"Mar 24, 2018",https://www.opencodez.com/java/mediator-design-pattern.htm
Java Behavioral Design Patterns – Visitor Design Pattern,"In this article, we will go through another pattern from behavioral category: Visitor Design Pattern. The visitor design pattern is generally used when you have to do an operation on heterogeneous",Supriya,"Mar 13, 2018",https://www.opencodez.com/java/visitor-design-pattern.htm
A Quick Easy Guide to Deep Learning with Java – Building Neural Network,"In this article, we will take a brief look at Deep Learning with Java. We are going to build our first simple neural network using Open-Source, Distributed, Deep Learning Library for",Pavan,"Mar 8, 2018",https://www.opencodez.com/java/deeplearaning4j.htm
SQL for QA: Tutorial#13 – Stored Functions,Empty,Supriya,Sep 26,https://www.opencodez.com/software-testing/sql-for-qa-tutorial13-stored-functions.htm
4 Simple steps to create Requirement Traceability Matrix (RTM) – Free Sample to download,Empty,Shilpa,Feb 8,https://www.opencodez.com/software-testing/create-requirement-traceability-matrix-rtm-free-sample-download.htm
Practical Defect Life Cycle followed in IT companies,Empty,Shilpa,Mar 15,https://www.opencodez.com/software-testing/practical-defect-life-cycle-followed-in-it-companies.htm
12 effective tips to write impressive and catchy QA/Software Tester’s Resume to surely get call for an interview,Empty,Shilpa,Aug 12,https://www.opencodez.com/software-testing/12-effective-ways-write-catchy-qa-software-tester-resume.htm
How to Perform Exploratory Data Analysis on a Loan Delinquency Problem -Part1,Empty,Rounak,Oct 5,https://www.opencodez.com/machine-learning/how-to-perform-exploratory-data-analysis-on-a-loan-delinquency-problem.htm
Steps to develop Spring Batch jobs using Spring Boot with example,Empty,Pavan,Sep 4,https://www.opencodez.com/java/spring-batch-with-spring-boot.htm
Top 5 Best Responsive CSS Frameworks for Web Design,Empty,Pavan,Nov 27,https://www.opencodez.com/web-development/top-5-best-responsive-css-framework-for-web-design.htm
Salesforce Tutorial# 13: Salesforce Reports and Dashboards,Empty,Renuka,Nov 15,https://www.opencodez.com/salesforce/salesforce-reports-and-dashboards.htm
React Native:Tutorial #2 – React Native Props and State,Empty,Pavan,Aug 29,https://www.opencodez.com/react-native/react-native-props-and-state.htm
Salesforce Tutorial# 7: Automation in Salesforce,Empty,Renuka,Jun 27,https://www.opencodez.com/salesforce/automation-in-salesforce.htm
101 Most Important Frequently Asked Core Java Interview Questions to Ace an Interview – Part 2,"In continuation of our previous article 101 Core Java Interview Questions to Ace the Interview, this is the second part. Read first part – 101 Core Java Interview Questions to Ace an",Supriya,"Mar 1, 2018",https://www.opencodez.com/java/101-core-java-interview-questions-to-ace-an-interview-part-2.htm
101 Most Important Frequently Asked Core Java Interview Questions to Ace an Interview – Part 1,"In this article, we are going to list down 101 Most Important and Frequently Asked Core Java Interview Questions that will give you enough exposure and confidence to ace at",Supriya,"Mar 1, 2018",https://www.opencodez.com/java/101-core-java-interview-questions-to-ace-an-interview-part-1.htm
Java Behavioral Design Patterns – Iterator Design Pattern,Iterator Design Pattern is one of the Behavioural design patterns in Java. It is used for traversing through the collection of data in a particular class. This pattern hides the,Supriya,"Feb 23, 2018",https://www.opencodez.com/java/iterator-design-pattern.htm
Learn 7 Most Important Java8 Features with Easy Examples,It’s been a long time since Java 8 has been introduced. Java 9 and 10 are already becoming the talk of the town. So its time to learn Java 8,Pavan,"Feb 19, 2018",https://www.opencodez.com/java/java-8-using-examples.htm
Java Behavioral Design Patterns – Template Method Design Pattern,"In this article, we will understand one of the simplest design pattern: Template Method Design Pattern.This pattern falls under the behavioral design patterns. The pattern provides the outline or skeleton",Supriya,"Feb 15, 2018",https://www.opencodez.com/java/template-method-design-pattern.htm
Java Behavioral Design Patterns – State Design Pattern,"State design pattern is used when the behavior of an Object changes based on its internal state. In the state pattern, a state machine is implemented by implementing each individual",Supriya,"Feb 13, 2018",https://www.opencodez.com/java/state-design-pattern.htm
How to build Soap Web Services with Apache CXF and Spring Boot,"The popularity of Restful Services is rising that does not mean we have forgotten the Soap Web Services. In this article, we will see how to build Soap web services with",Pavan,"Feb 10, 2018",https://www.opencodez.com/java/soap-web-services-with-apache-cxf-spring-boot.htm
Java Behavioral Design Patterns – Strategy Design Pattern,"The Strategy Design Pattern is one of the behavioral design patterns, it is also called as policy pattern that enables selecting an algorithm at runtime according to requirement. In this",Supriya,"Feb 8, 2018",https://www.opencodez.com/java/strategy-design-pattern.htm
Java Behavioral Design Patterns – Interpreter Design Pattern,The Interpreter design pattern is one of the behavioral design patterns that give specification about how to evaluate sentences in a language. Java compiler or for that matter compiler for,Supriya,"Feb 5, 2018",https://www.opencodez.com/java/interpreter-design-pattern.htm
Configuration Management of WebSphere Liberty for production environment,"WebSphere Liberty is an application server offering by IBM. It is fast, dynamic, and easy for configuration. The server is built on the open-source Open Liberty project. With the growth",Anup,"Feb 3, 2018",https://www.opencodez.com/how-to-guide/managing-configuration-websphere-liberty-production-environment.htm
Java Behavioral Design Patterns – Command Design Pattern,The command design pattern is one of the behavioral design patterns. This design pattern can be considered for use when there is clear segregation between requester and executor of an,Supriya,"Feb 2, 2018",https://www.opencodez.com/java/command-design-pattern.htm
Spring Scheduled Tasks – 3 Ways To Use Spring Scheduler,"In this article, we will see how to run any task or a program using Spring Scheduled Tasks. As usual, we will demonstrate this with our favorite Spring Boot Softwares",Pavan,"Jan 26, 2018",https://www.opencodez.com/java/using-spring-scheduled-tasks.htm
How to Zip a file using Java,Empty,Pavan,Nov 7,https://www.opencodez.com/java/zip-file-using-java.htm
Passing Command Line Arguments in Java – Spring Boot Example,Empty,Pavan,Dec 27,https://www.opencodez.com/java/passing-command-line-arguments-java-spring-boot-example.htm
How to Install WordPress Locally using XAMPP,Empty,Pavan,Oct 24,https://www.opencodez.com/web-development/how-to-install-wordpress-locally-using-xampp.htm
Most important Core Java Interview Questions – I,Empty,Pavan,May 24,https://www.opencodez.com/java/core-java-interview-questions-i.htm
Read X509 Certificate from Java KeyStore – Example With Code,Empty,Pavan,Nov 21,https://www.opencodez.com/java/read-x509-certificate-java-keystore.htm
ReactJS Tutorial# 5 – React Flux and Redux,Empty,Pavan,Nov 29,https://www.opencodez.com/reactjs/reactjs-tutorial-5-react-flux-and-redux.htm
Easy Way to Configure Quartz Scheduler with Spring Boot – Example With Source Code,Empty,Pavan,Sep 26,https://www.opencodez.com/java/quartz-scheduler-with-spring-boot.htm
SQL for QA: Tutorial#9 – JOIN Clause,Empty,Supriya,May 27,https://www.opencodez.com/software-testing/sql-qa-tutorial9-join-clause.htm
Oracle Job Scheduler Guide With Examples – Part 3,Empty,Pavan,Mar 8,https://www.opencodez.com/oracle/oracle-job-scheduler-guide-examples-part-3.htm
Build a Web service using PHP,Empty,Pavan,Apr 10,https://www.opencodez.com/php/build-a-web-service-using-php.htm
Salesforce Tutorial# 15: Salesforce Sandbox and Overview of Force.com Capabilities,"One of the best capabilities of Force.com platform is Salesforce Sandbox, which allows us to create a copy of our production organization. In this article of our Salesforce Learning, we",Renuka,"Jan 24, 2018",https://www.opencodez.com/salesforce/salesforce-sandbox-overview-force-com-capabilities.htm
Simple way to Build Message Driven Application using Kafka and Spring Boot,"In this article, we will create a simple Message Driven Application using Apache Kafka and Spring Boot. We have already seen how we connect to Kafka using plain java clients. In this",Pavan,"Jan 15, 2018",https://www.opencodez.com/java/how-to-build-message-driven-application-using-kafka-and-spring-boot.htm
Implement Custom Value Serializer for Kafka – Example With Source Code,"In our last article on implementation of Apache Kafka, we have seen the basic Java client to produce and consume messages. To continue our learning lets see how we can",Pavan,"Jan 8, 2018",https://www.opencodez.com/java/implement-custom-value-serializer-apache-kafka.htm
How to 301 Redirect Url in WordPress,"Every now and then the webmaster has to update his site. He will delete some non performing posts, pages or he will change some categories. While doing this he has",Pavan,"Jan 3, 2018",https://www.opencodez.com/wordpress/301-redirect-url-wordpress.htm
Simple Way to Implement Kafka with Java – Source Code on GitHub,Implement Kafka with Java: Apache Kafka is the buzz word today. Everyone talks about it writes about it. So I have also decided to dive into it and understand it.,Pavan,"Dec 30, 2017",https://www.opencodez.com/java/using-apache-kafka-java.htm
Passing Command Line Arguments in Java – Spring Boot Example,"Application properties are part of each and every application. To make your project robust and easy for the configuration you always think of keeping some properties either in the file,",Pavan,"Dec 27, 2017",https://www.opencodez.com/java/passing-command-line-arguments-java-spring-boot-example.htm
Currency Conversion App in Java,Consuming a rest web service is easy and with RestTemplate Spring has made dealing with these rest services easier. In this article we will build a simple Currency Conversion App that uses,Pavan,"Dec 12, 2017",https://www.opencodez.com/java/currency-conversion-app-spring-boot-java.htm
Salesforce Tutorial# 14: Building a Visualforce (Custom) Page for the Salesforce App,Visualforce is nothing but one of the framework of Force.com which is component-based user interface. A tag based language more similar to HTML is used by visualforce.  Each tag corresponds,Renuka,"Dec 8, 2017",https://www.opencodez.com/salesforce/building-visualforce-custom-page-salesforce-app.htm
Send Encrypted Email Using Java Spring Boot – Simple Step By Step Guide With Source Code,Emails are used as communication modes most of the time. Not always people use encrypted email when sending business-sensitive information. Outlook and other email clients have inbuilt support for this,Pavan,"Nov 27, 2017",https://www.opencodez.com/java/send-encrypted-email-using-java.htm
Read X509 Certificate from Java KeyStore – Example With Code,In the NEW IT age with lots of data comes great responsibility to protect it against all malicious attacks. Using secure communications or HTTPS is one of the ways to,Pavan,"Nov 21, 2017",https://www.opencodez.com/java/read-x509-certificate-java-keystore.htm
Salesforce Tutorial# 13: Salesforce Reports and Dashboards,"Earlier in this tutorial series, we have seen many features and capabilities of Salesforce. Today in this tutorial you will get some insights on Reports and Dashboards in Salesforce. Reports",Renuka,"Nov 15, 2017",https://www.opencodez.com/salesforce/salesforce-reports-and-dashboards.htm
How to Zip a file using Java,Sometimes it may happen that the in your application the size of log files increases and you have to run to your infrastructure team to either archive them or add,Pavan,"Nov 7, 2017",https://www.opencodez.com/java/zip-file-using-java.htm
What is Docker – Complete Docker Tutorial for Beginners,Empty,Pavan,Jul 1,https://www.opencodez.com/java/beginners-guide-docker-platform.htm
101 Most Important Frequently Asked Salesforce Interview Questions,Empty,Renuka,Jun 28,https://www.opencodez.com/salesforce/salesforce-interview-questions.htm
Speed up your WordPress Site – No Coding Required – Part 1,Empty,Pavan,May 1,https://www.opencodez.com/wordpress/speed-up-your-wordpress-site-part-1.htm
How to Setup ECommerce for WordPress Website,Empty,Pavan,Mar 10,https://www.opencodez.com/web-development/how-to-setup-ecommerce-for-your-wordpress-website.htm
Micronaut Framework – Complete Guide with Sample Example,Empty,Pavan,Aug 21,https://www.opencodez.com/java/introduction-to-micronaut-framework.htm
Salesforce Tutorial# 1: Introduction to Cloud Computing (Salesforce.com and Force.com),Empty,Renuka,Feb 6,https://www.opencodez.com/salesforce/cloud-computing-salesforce.htm
Top 5 Best WordPress Plugins Your Website Must Have,Empty,Pavan,Mar 27,https://www.opencodez.com/wordpress-2/top-5-best-wordpress-plugins-your-website-must-have.htm
Java Behavioral Design Patterns – Memento Design Pattern,Empty,Supriya,May 5,https://www.opencodez.com/java/memento-design-pattern.htm
Salesforce Tutorial# 11: Salesforce Data Management,Empty,Renuka,Sep 26,https://www.opencodez.com/salesforce/data-management-salesforce.htm
SQL for QA: Tutorial#13 – Stored Functions,Empty,Supriya,Sep 26,https://www.opencodez.com/software-testing/sql-for-qa-tutorial13-stored-functions.htm
Salesforce Tutorial# 12: Salesforce MVC Architecture on Cloud,"Salesforce MVC Architecture is one of the widely used software architecture design patterns which divides the design into three basic components i.e. Model, View, and Controller. Salesforce provides Visualforce an",Renuka,"Oct 12, 2017",https://www.opencodez.com/salesforce/visualforce-mvc-architecture-on-cloud.htm
Simple Way to Configure LDAP Authentication using Spring Boot – Source Code on GitHub,LDAP authentication is one of the widely used approaches in enterprise-grade applications.  LDAP is used as a central repository for user information and applications will connect to this repository for,Pavan,"Oct 4, 2017",https://www.opencodez.com/java/configure-ldap-authentication-using-spring-boot.htm
Salesforce Tutorial# 11: Salesforce Data Management,Every application or system in the world is data-driven and its management is always crucial for any system to be successful. Salesforce Data Management comes in two flavors Data Import,Renuka,"Sep 26, 2017",https://www.opencodez.com/salesforce/data-management-salesforce.htm
Building Restful Web Services using Java,When we think of web services the one obvious question comes to our mind is Soap or Restful? And what are the differences and advantages over one another. In this,Pavan,"Sep 4, 2017",https://www.opencodez.com/java/building-restful-web-services-using-java.htm
Salesforce Tutorial# 10: Introduction to Apex Triggers,"Apex is an object-oriented, strongly typed programming language, API supported by Force.com to give transaction control on salesforce platform. Apex supports for online SOQL and SOSL query handling and returns",Renuka,"Aug 28, 2017",https://www.opencodez.com/salesforce/salesforce-tutorial-10-introduction-apex.htm
Top 5 Best JavaScript Frameworks in 2019,JavaScript is one of the major contributors to the Web designs and development and thus JavaScript Frameworks enhances developers ability to create single page applications and Web application prototypes without,Shilpa,"Aug 17, 2017",https://www.opencodez.com/java-script/5-best-javascript-frameworks-2017.htm
Simplest method to Implement 2 Way Authentication using SSL – Example With Source Code Available,Every web application needs to be protected. There could be different solutions to choose from depending upon your requirement and feasibility. Some may choose basic form-based authentication or some may,Pavan,"Aug 9, 2017",https://www.opencodez.com/java/implement-2-way-authentication-using-ssl.htm
6 Important Steps to Shift Career from QA /Tester to BA / Business Analyst,Why Business Analyst or BA is one of the best options to go for. What are the skills required for BA. responsibilities of BA and what are those 6 steps,Shilpa,"Aug 5, 2017",https://www.opencodez.com/software-testing/6-steps-to-become-business-analyst.htm
How to execute batch (.bat) file from Java,"Well as the title suggests, we will attempt to know how to execute bat file from Java. When you are a Java Developer, a lot is expected from you and",Pavan,"Jul 29, 2017",https://www.opencodez.com/java/how-to-execute-bat-file-from-java.htm
Salesforce Tutorial# 9: Introduction to SOQL and SOSL,Salesforce Object Query Language (SOQL) is similar to the SELECT statement in SQL (Structured Query Language). Using SOQL one can search the organization specific data. SOQL can be used with,Renuka,"Jul 23, 2017",https://www.opencodez.com/salesforce/introduction-soql-and-sosl.htm
Tips to Write Simple & Effective Test Plan – [Sample Test Plan Report to Download],"Test planning is a very important, essential, and crucial part of the testing life cycle. Well planned and executed tests ensures good quality software. In simple words, Test Planning is",Sonali,"Jul 14, 2017",https://www.opencodez.com/software-testing/test-planning.htm
Salesforce Tutorial# 8: Approval Process in Salesforce,"In this chapter, we will take Automation in Salesforce one step further with Approvals. Approval Process in Salesforce defines each step of how records get approved in Salesforce. Approval Process",Renuka,"Jul 8, 2017",https://www.opencodez.com/salesforce/approval-process-in-salesforce.htm
How to learn a Programming Language easily,Empty,Pavan,Dec 21,https://www.opencodez.com/how-to-guide/learning-a-programming-language.htm
10 Steps Action Plan to Move From Software Development To Testing,Empty,Shilpa,Feb 27,https://www.opencodez.com/software-testing/10-steps-action-plan-to-move-from-software-development-to-testing.htm
SQL For QA : Tutorial#1 – Select Query,Empty,Supriya,Apr 17,https://www.opencodez.com/software-testing/sql-for-qa-tutorial-select-query.htm
GraphQL Tutorial#6 : 51 Most Imp GraphQL Interview Questions and Answers,Empty,Pavan,Jun 12,https://www.opencodez.com/web-development/tutorial6-51-imp-graphql-interview-questions-answers.htm
How to add Options Framework to WordPress Theme,Empty,Pavan,Jun 6,https://www.opencodez.com/web-development/how-to-add-options-framework-to-wordpress-theme.htm
Project Lombok – A Java Library to Reduce Boilerplate Code,Empty,Pavan,Aug 30,https://www.opencodez.com/java/project-lombok.htm
Step By Step Implementation Of Microservices with Spring Boot – Sample Code Provided,Empty,Rahul,May 24,https://www.opencodez.com/java/microservices-action-spring-boot.htm
SQL for QA: Tutorial#3 – INSERT INTO Statement,Empty,Supriya,Apr 19,https://www.opencodez.com/software-testing/sql-qa-tutorial3-insert-statement.htm
Flyweight Pattern – Structural Design Pattern,Empty,Supriya,May 20,https://www.opencodez.com/java/flyweight-pattern.htm
Java Behavioral Design Patterns – Visitor Design Pattern,Empty,Supriya,Mar 13,https://www.opencodez.com/java/visitor-design-pattern.htm
Salesforce Tutorial# 7: Automation in Salesforce,"In continuation of our Salesforce learning, we will take a brief look at salesforce automation. To allow automated process as per customer specification or criteria we need to develop the",Renuka,"Jun 27, 2017",https://www.opencodez.com/salesforce/automation-in-salesforce.htm
Salesforce Tutorial# 6: Salesforce Security Model and Overview,"Data Security is a big challenge for any cloud platform. Salesforce Security Model provides security at different levels like Object level, Field level, Record Level, etc to make consumer’s data",Renuka,"May 31, 2017",https://www.opencodez.com/salesforce/salesforce-security.htm
4 Steps To Draft Effective Defect Report – Sample Defect Status Report in Excel to download,"In this article, we will briefly see how to prepare an effective defect status report and Sample Template is provided to download, which will give the current status of testing",Shilpa,"May 22, 2017",https://www.opencodez.com/software-testing/prepare-defect-status-report.htm
Salesforce Tutorial# 5: Object Relationships and Formula Field in Salesforce,"In this 5th article in our Salesforce learning journey, we will have some more insights on Salesforce Object Relationships. We will also see how Formula Field in Salesforce is defined.",Renuka,"May 7, 2017",https://www.opencodez.com/salesforce/object-relationships-formula-field-in-salesforce.htm
How to use RPT for Performance Testing of Web Application – Part II-Test Scheduling,"In the previous article on RTP we saw, benefits of RPT, it’s Features and sample performance script recording for single user. Now in this article, we will learn about an",Shilpa,"Apr 29, 2017",https://www.opencodez.com/software-testing/use-rpt-performance-testing-web-application-part-ii-test-scheduling.htm
Java Mail Framework using Spring Boot – Step by Step Guide With Source Code,"Every application be it desktop or web, needs to send some kind of notification via mail. The scenarios may differ as per requirements like registration mail, order confirmation or any",Pavan,"Apr 7, 2017",https://www.opencodez.com/java/java-mail-framework-using-spring-boot.htm
Salesforce Tutorial# 4: Building Salesforce Custom App and Objects,"So far we have seen the introduction about Cloud, Salesforce, and Force.com. Now we will learn some interesting features – Salesforce Custom App. An app is a collection of tasks or",Renuka,"Apr 5, 2017",https://www.opencodez.com/salesforce/building-salesforce-custom-app-objects.htm
Java Web Application Starter Template with Spring Boot,"Every now and then a developer or team has to work on new web projects, proof of concepts etc. For this they have to create project from scratch and configure",Pavan,"Mar 13, 2017",https://www.opencodez.com/java/java-web-application-starter-template-using-spring-boot.htm
Oracle Job Scheduler Guide With Examples – Part 3,"This is the last article in our 3 article series we have written on Oracle Job Scheduler. In this article, we will see the oracle job scheduling example that will",Pavan,"Mar 8, 2017",https://www.opencodez.com/oracle/oracle-job-scheduler-guide-examples-part-3.htm
How to use RPT for Performance Testing of Web Application – Part I,RPT (Rational Performance Tester) is an excellent automation tool for performance testing provided by IBM Corporation. The latest version for RPT is V8.9 and its release in Oct 2015. This,Shilpa,"Mar 4, 2017",https://www.opencodez.com/software-testing/use-rpt-performance-testing-web-application-part-1.htm
Oracle Job Scheduler Guide With Examples – Part 2,"In our earlier tutorial, we have seen some basic information on Oracle Job Scheduling. We have seen what are the core components like Job, Program, Chain etc. In this article,",Pavan,"Mar 2, 2017",https://www.opencodez.com/oracle/oracle-job-scheduler-guide-examples-part-2.htm
Oracle Job Scheduler Guide With Examples – Part 1,Oracle Database provides scheduling capabilities with an inbuilt Oracle Job Scheduler. Oracle has the DBMS_SCHEDULER (dbms scheduler) package which provides a collection of scheduling functions and procedures that are callable,Pavan,"Feb 28, 2017",https://www.opencodez.com/oracle/oracle-job-scheduler-guide-examples-part-1.htm
Java Behavioral Design Patterns – Mediator Design Pattern,Empty,Supriya,Mar 24,https://www.opencodez.com/java/mediator-design-pattern.htm
Java Creational Design Patterns – Builder Pattern,Empty,Supriya,Jul 25,https://www.opencodez.com/java/java-creational-design-patterns-builder-pattern.htm
SQL for QA: Tutorial#5 – DELETE Statement,Empty,Supriya,May 8,https://www.opencodez.com/software-testing/sql-qa-tutorial5-delete-statement.htm
Java Creational Design Patterns – Factory Method Pattern,Empty,Supriya,May 22,https://www.opencodez.com/java/factory-method-pattern.htm
GraphQL Tutorial #4 – GraphQL Operations,Empty,Pavan,Jun 6,https://www.opencodez.com/web-development/tutorial-4-graphql-operations.htm
Simple and Easy way to connect MongoDB Atlas with Spring Boot,Empty,Pavan,Oct 27,https://www.opencodez.com/java/use-mongodb-atlas-with-spring-boot.htm
7 Life Changing Lessons I Learned From 7 Yrs Of IT Experience,Empty,Rounak,Jan 8,https://www.opencodez.com/it-lifestyle/7-life-changing-lessons-learned-7-yrs-experience.htm
101 Most Important Frequently Asked Core Java Interview Questions to Ace an Interview – Part 1,Empty,Supriya,Mar 1,https://www.opencodez.com/java/101-core-java-interview-questions-to-ace-an-interview-part-1.htm
Top 5 Best JavaScript Frameworks in 2019,Empty,Shilpa,Aug 17,https://www.opencodez.com/java-script/5-best-javascript-frameworks-2017.htm
Simple CRUD application using Node.js and Mongoose,Empty,Pavan,Sep 29,https://www.opencodez.com/javascript/simple-crud-application-using-node-js-mongoose.htm
Salesforce Tutorial# 3: Introduction to Force.com,"In continuation to our Salesforce tutorial series, we are back without the next article on Force.com. It is a popular platform to create and develop applications run on clouds. The",Renuka,"Feb 26, 2017",https://www.opencodez.com/salesforce/introduction-force-com.htm
Salesforce Tutorial# 2: Overview of Salesforce Database Concepts,"In our first tutorial, we have seen some basic concepts about cloud and cloud vendors. We learned that Salesforce.com is one such cloud vendor that has gained popularity due to",Renuka,"Feb 15, 2017",https://www.opencodez.com/salesforce/database-concepts-salesforce-com.htm
Simple guide to open Socket Connection using Oracle PL SQL Programming,A socket is used to communicate between two programs. Socket forms one endpoint of a two-way communication link between the programs.  In this article we will see an example of,Pavan,"Feb 12, 2017",https://www.opencodez.com/oracle/oracle-pl-sql-programming-socket-connection.htm
4 Simple steps to create Requirement Traceability Matrix (RTM) – Free Sample to download,Requirement Traceability Matrix (RTM) is a table (mostly a spreadsheet) that shows if each requirement has a respective Test case/cases to make sure if the requirement is covered for testing.,Shilpa,"Feb 8, 2017",https://www.opencodez.com/software-testing/create-requirement-traceability-matrix-rtm-free-sample-download.htm
Salesforce Tutorial# 1: Introduction to Cloud Computing (Salesforce.com and Force.com),"Cloud Computing has become a buzz word nowadays and everyone trying to cash on it. If you offer your services on the cloud, then you will find many takers for",Renuka,"Feb 6, 2017",https://www.opencodez.com/salesforce/cloud-computing-salesforce.htm
Simple Guide to Use DataTable with Spring Boot – Example With Source Code,"In this article, you will learn how to use Datatable with Sprint Boot for Serverside processing with example. Complete Source Code and supporting SQL is provided on GitHub to download.",Pavan,"Feb 4, 2017",https://www.opencodez.com/java/datatable-with-spring-boot.htm
How to Build and Deploy Web Service and Client in Java,Web Services are most widely implemented examples of Service Oriented Architecture (SOA). A service contract is defined with the help of SOAP and Web Service Definition Language (WSDL) and that is,Renuka,"Jan 29, 2017",https://www.opencodez.com/java/how-to-build-and-deploy-web-service-and-client-in-java.htm
Most Important Test Scenarios for Business Intelligence (BI)/Software Reports Testing,Business Intelligence or BI has become an integral part of every organization. Business Intelligence (BI) mainly refers to the information that is available and processed for the organization to take,Shilpa,"Jan 27, 2017",https://www.opencodez.com/software-testing/business-intelligence-report-testing.htm
Generic CSV File Reader in Java,CSV file format is widely used portable format to store and transfer data. Its used in various domains and industries as its very easy to use and understand or interpret.,Pavan,"Jan 18, 2017",https://www.opencodez.com/java/generic-csv-file-reader-in-java.htm
How to Load Application Properties from Database,Every Java application whether its simple standalone or multi aspect complex enterprise java web application it will rely on some static properties file. This property file goes through constant changes by the,Pavan,"Oct 3, 2016",https://www.opencodez.com/java/how-to-load-application-properties-from-database.htm
Easy Way to Configure Quartz Scheduler with Spring Boot – Example With Source Code,"Quartz Scheduler is a widely accepted and used open-source job scheduling library. This library can be integrated with all types of Java applications. Using this, you can convert your simple",Pavan,"Sep 26, 2016",https://www.opencodez.com/java/quartz-scheduler-with-spring-boot.htm
Spring Boot – Java Development Made Easy,"If you are planning for a Java web application, first thing you will decide is to use Spring framework. This framework is best known for its Inversion Of Controller container",Pavan,"Sep 18, 2016",https://www.opencodez.com/java/spring-boot-java-development-made-easy.htm
101 Most Important Frequently Asked Core Java Interview Questions to Ace an Interview – Part 1,Empty,Supriya,Mar 1,https://www.opencodez.com/java/101-core-java-interview-questions-to-ace-an-interview-part-1.htm
Simple way to Build Message Driven Application using Kafka and Spring Boot,Empty,Pavan,Jan 15,https://www.opencodez.com/java/how-to-build-message-driven-application-using-kafka-and-spring-boot.htm
GraphQL Tutorial#6 : 51 Most Imp GraphQL Interview Questions and Answers,Empty,Pavan,Jun 12,https://www.opencodez.com/web-development/tutorial6-51-imp-graphql-interview-questions-answers.htm
Easiest way to speedup your WordPress Website with CloudFlare for Free,Empty,Pavan,Sep 20,https://www.opencodez.com/how-to-guide/wordpress-cloudflare-free.htm
How to Load Application Properties from Database,Empty,Pavan,Oct 3,https://www.opencodez.com/java/how-to-load-application-properties-from-database.htm
Salesforce Tutorial# 11: Salesforce Data Management,Empty,Renuka,Sep 26,https://www.opencodez.com/salesforce/data-management-salesforce.htm
Complete Step by Step Guide of Gherkin for Beginners,Empty,Pritam,Mar 22,https://www.opencodez.com/software-testing/complete-step-step-guide-gherkin-beginners.htm
Simple Way to Implement Kafka with Java – Source Code on GitHub,Empty,Pavan,Dec 30,https://www.opencodez.com/java/using-apache-kafka-java.htm
Salesforce Tutorial# 2: Overview of Salesforce Database Concepts,Empty,Renuka,Feb 15,https://www.opencodez.com/salesforce/database-concepts-salesforce-com.htm
Sentiment Analysis of Tweets – Connecting to Twitter API +Fetching Tweets using R,Empty,Rounak,Jul 26,https://www.opencodez.com/how-to-guide/sentiment-analysis-tweets-creating-twitter-api-fetch-tweets-using-r.htm
7 Best Practices for Video SEO to Drive More Traffic to Your Website,"Most of the user just bounces off from your site if you don’t have any fascinating contents, and this is where you can leverage the power of video. If you",Pavan,"May 4, 2014",https://www.opencodez.com/seo-and-content-marketing/7-best-practices-for-video-seo-to-drive-more-traffic-to-your-website.htm
What Are Some of the Trends in Copywriting and Content Marketing in 2014?,"When you are a freelance copywriter, the process of learning never really ends. You always need to be growing, challenging yourself and learning new skills in order to get ahead",Pavan,"Apr 30, 2014",https://www.opencodez.com/seo-and-content-marketing/what-are-some-of-the-trends-in-copywriting-and-content-marketing-in-2014.htm
"CMS for eCommerce Comparison: WordPress, Magento and Drupal",Choosing a content management system (CMS) for eCommerce can be the biggest hurdle to overcome. With so many options available – each with its own strengths and weaknesses – it’s,Pavan,"Apr 28, 2014",https://www.opencodez.com/how-to-guide/cms-for-ecommerce-comparison-wordpress-magento-and-drupal.htm
How to Add a Shortcode in WordPress,Ever wanted to add some specialized content to your websites post or page and at the same time you don’t want to have heavy footprint of any third party plugin?,Pavan,"Apr 21, 2014",https://www.opencodez.com/wordpress-2/how-to-add-a-shortcode-in-wordpress.htm
The Importance of Diversity in Link Building,"Link building can be a very valuable weapon in your SEO arsenal, so it is important to do it right. When you are building your links, you can make the",Pavan,"Apr 8, 2014",https://www.opencodez.com/how-to-guide/the-importance-of-diversity-in-link-building.htm
A Handy Guide to Creating Your Small Business’s First Website,"Whilst social media platforms such as Facebook, Linked In and Twitter may appear to have monopolised the internet over the past few years (and it is vitally important that your business has a",Pavan,"Apr 2, 2014",https://www.opencodez.com/how-to-guide/a-handy-guide-to-creating-your-small-businesss-first-website.htm
Top 5 Best WordPress Plugins Your Website Must Have,Millions of website supported by WordPress are coming up everyday. WordPress is a complete website solution but sometimes you need bit more than a CMS system to establish yourself online.,Pavan,"Mar 27, 2014",https://www.opencodez.com/wordpress-2/top-5-best-wordpress-plugins-your-website-must-have.htm
How to Setup ECommerce for WordPress Website,"Every business old or new, need a strong online presence to reach out to millions of people across the globe. If you are planning to sell something then mere creating",Pavan,"Mar 10, 2014",https://www.opencodez.com/web-development/how-to-setup-ecommerce-for-your-wordpress-website.htm
How to Add CSS Animation to a Website Easily with Animate.css,"With every growing new day web is evolving, people are coming out with lots of new ideas and stuff to attract billions of internet savvy people. Web 2.0, HTML 5",Pavan,"Feb 18, 2014",https://www.opencodez.com/web-development/how-to-add-css-animation-to-website-easily.htm
Setting up – Free Premium WordPress Theme – Aadya – Part 2,This is the second and last article in our 2 article series on how to configure Free Premium WordPress Theme Aadya. As iterated earlier the theme has premium features which can,Pavan,"Jan 6, 2014",https://www.opencodez.com/wordpress-2/setting-up-free-premium-wordpress-theme-aadya-part-2.htm
Setting up – Free Premium WordPress Theme – Aadya – Part 1,As shared already We have released one more awesome WordPress theme – Aadya. This time also we have built this theme on famous Twitter Bootstrap CSS Framework. We are calling,Pavan,"Jan 6, 2014",https://www.opencodez.com/free-wordpress-themes/preview-free-premium-wordpress-theme-aadya.htm
Top 5 Best Responsive CSS Frameworks for Web Design,"After developing two WordPress themes based on responsive css frameworks, I believe I should put in my opinion on which framework I felt is more user friendly. I have developed",Pavan,"Nov 27, 2013",https://www.opencodez.com/web-development/top-5-best-responsive-css-framework-for-web-design.htm
React Native:Tutorial #4 – React Native UI Components,Empty,Pavan,Sep 3,https://www.opencodez.com/react-native/react-native-ui-components.htm
Web Scraping Using Beautiful Soup Word Cloud + Python – Tutorial Part 2,Empty,Rounak,Jun 24,https://www.opencodez.com/web-development/web-scraping-using-beautiful-soup-word-cloud-part-2.htm
Simplest and Easy way to Upload and Download Files in Java with Spring Boot,Empty,Pavan,Aug 1,https://www.opencodez.com/java/file-upload-and-download-in-java-spring-boot.htm
Chain of Responsibility – Behavioral Design Pattern,Empty,Supriya,Aug 1,https://www.opencodez.com/java/chain-of-responsibility-pattern.htm
ReactJS Tutorial# 3 – Component State and Lifecycle,Empty,Pavan,Nov 16,https://www.opencodez.com/reactjs/reactjs-component-state-and-lifecycle.htm
Spring Scheduled Tasks – 3 Ways To Use Spring Scheduler,Empty,Pavan,Jan 26,https://www.opencodez.com/java/using-spring-scheduled-tasks.htm
Simple Guide to Use DataTable with Spring Boot – Example With Source Code,Empty,Pavan,Feb 4,https://www.opencodez.com/java/datatable-with-spring-boot.htm
How to become an Efficient and Good Programmer,Empty,Pavan,Dec 21,https://www.opencodez.com/how-to-guide/how-to-become-a-good-programmer.htm
Easy Way to Configure Quartz Scheduler with Spring Boot – Example With Source Code,Empty,Pavan,Sep 26,https://www.opencodez.com/java/quartz-scheduler-with-spring-boot.htm
"ReactJS Tutorial# 4 – Forms, Events and Keys",Empty,Pavan,Nov 20,https://www.opencodez.com/reactjs/reactjs-tutorial-4-forms-events-keys.htm
How to Install WordPress Locally using XAMPP,Few days back one of my friend asked me How to Install WordPress Locally using XAMPP. He was trying to setup a local website to try out some design and content,Pavan,"Oct 24, 2013",https://www.opencodez.com/web-development/how-to-install-wordpress-locally-using-xampp.htm
Openstrap – Responsive WordPress Theme,"Twitter Bootstrap is powerful front-end framework for faster and easier web development. Its fully responsive, sleek and intuitive. Opencodez has taken efforts to bring a responsive wordpress theme using this framework. As",Pavan,"Sep 20, 2013",https://www.opencodez.com/free-wordpress-themes/openstrap-responsive-wordpress-theme.htm
Free Simple WordPress Theme – Awakening,Opencodez Team release another free wordpress theme Awakening. The theme is developed on top of Zurbs Foundation Responsive Framework that means the theme will look great on any device be,Pavan,"Aug 27, 2013",https://www.opencodez.com/web-development/free-simple-wordpress-theme.htm
How to add a Widget to WordPress,Many WordPress Themes come Widget Ready that boosts functionality of a site considerably. These widget ready platform saves a lot of time of webmaster to search for plugins and install,Pavan,"Jul 3, 2013",https://www.opencodez.com/web-development/how-to-add-a-widget-to-wordpress.htm
Write Config File in Java,Most of the time we use properties file only to load some fairly static values that are used across the project. Some one once asked me whether I have any,Pavan,"Jun 25, 2013",https://www.opencodez.com/java/write-config-file-in-java.htm
How to add Options Framework to WordPress Theme,"When a WordPress Theme developer takes up any new theme development, he has to think about some neat and unique design and what all features he is going to offer",Pavan,"Jun 6, 2013",https://www.opencodez.com/web-development/how-to-add-options-framework-to-wordpress-theme.htm
Build a Web service using PHP,"Web services provide a standard means of communication between different software applications, running on a variety of platforms and/or frameworks. Web services plays important role in any SOA architecture. I",Pavan,"Apr 10, 2013",https://www.opencodez.com/php/build-a-web-service-using-php.htm
Quartz – Java Job Scheduling Service,"Most of the Java Projects, Enterprise Applications need some form of scheduling every now and then. People try to implement in number of ways like Timer, EJB etc. In one",Pavan,"Feb 22, 2013",https://www.opencodez.com/java/quartz-java-job-scheduling-service.htm
Oracle SQL Command Handbook,Every developer works with database in some form or other. Either he directly gets involved with PL/SQL Programming where he writes huge procedures and functions or some times he ends,Pavan,"Feb 12, 2013",https://www.opencodez.com/oracle/oracle-sql-command-handbook.htm
Java Design Patterns List,Here is the list of Java Design Patterns. Each pattern is explained in detail with example and sample code. Hope you find this helpful. Creational Java Design Patterns Abstract Factory,Pavan,"Jul 3, 2010",https://www.opencodez.com/java/java-design-patterns-list.htm
Most important Core Java Interview Questions – I,"Being in IT industry for almost 15 years, I have come across some most important Core Java Interview questions, which are frequently asked in most of the interviews by MNCs. Based",Pavan,"May 24, 2010",https://www.opencodez.com/java/core-java-interview-questions-i.htm
Object oriented concepts – Java,Q: What are basic OOPS Concepts? A: – Inheritance : When a child class acquires all the methods and properties of parent class it is called inheritance. Java supports inheritance either,Pavan,"May 24, 2010",https://www.opencodez.com/java/polymorphism-in-java.htm
Simple Way to Configure LDAP Authentication using Spring Boot – Source Code on GitHub,Empty,Pavan,Oct 4,https://www.opencodez.com/java/configure-ldap-authentication-using-spring-boot.htm
Most important Core Java Interview Questions – I,Empty,Pavan,May 24,https://www.opencodez.com/java/core-java-interview-questions-i.htm
React Native:Tutorial #2 – React Native Props and State,Empty,Pavan,Aug 29,https://www.opencodez.com/react-native/react-native-props-and-state.htm
SQL For QA : Tutorial#1 – Select Query,Empty,Supriya,Apr 17,https://www.opencodez.com/software-testing/sql-for-qa-tutorial-select-query.htm
Simple Guide to Improve Code Quality With SonarLint,Empty,Rahul,Apr 26,https://www.opencodez.com/how-to-guide/improve-code-quality-with-sonarlint.htm
A Beginners Guide to Kotlin,Empty,Pavan,Jun 17,https://www.opencodez.com/java/beginners-guide-kotlin.htm
Object oriented concepts – Java,Empty,Pavan,May 24,https://www.opencodez.com/java/polymorphism-in-java.htm
Top 5 Best Responsive CSS Frameworks for Web Design,Empty,Pavan,Nov 27,https://www.opencodez.com/web-development/top-5-best-responsive-css-framework-for-web-design.htm
Simple Way to Implement Kafka with Java – Source Code on GitHub,Empty,Pavan,Dec 30,https://www.opencodez.com/java/using-apache-kafka-java.htm
Simple Guide to Use DataTable with Spring Boot – Example With Source Code,Empty,Pavan,Feb 4,https://www.opencodez.com/java/datatable-with-spring-boot.htm
Java Sorting using Comparator,"Lets see how we can sort our Employee objects using different criteria like id, name, salary. SortTest remains the main class that will perform creating and filling objects for us.",Pavan,"May 24, 2010",https://www.opencodez.com/java/java-sorting-using-comparator.htm
Java Sorting using Comparable,In Java you can do sorting by implementing 2 interfaces 1) Comparable 2) Comparator Here we will see sorting example using Comparable Interface. As an example we will be sorting,Pavan,"May 24, 2010",https://www.opencodez.com/java/java-sorting-using-comparable.htm
Get all urls from a web page – Simple Web Crawler,Here I’m going to post a class that will extract all valid URLs from a web page.  The example can be treated as a basic web crawler. My class uses,Pavan,"Jul 11, 2009",https://www.opencodez.com/java/get-all-urls-from-a-web-page.htm
How to Read Config File in Java – With Actual Class Example rovided,In my last post I mentioned “Config Class”couple of times.. here you will see actual class and its usage. The class is very simple. We just need to provide proper,Pavan,"Jul 11, 2009",https://www.opencodez.com/java/read-config-file-in-java.htm
Connect to MySQL in Java,"It’s been too long, I didnt get time to post anything OpenSource. So here I am again with one simple class Database, to connect to MySQL in Java. You can",Pavan,"Jul 7, 2009",https://www.opencodez.com/java/connect-to-mysql-in-java.htm
Using .htaccess in XAMPP on Windows,"I googled quiet some time on using custom links for your site on windows using XAMPP. All of them suggested me to uncomment line for ‘mod_rewrite’, set AllowOverride to All.",Pavan,"Apr 3, 2009",https://www.opencodez.com/apache/htaccess-in-xampp-windows.htm
Simple Logger,"If you are programming in PHP, I bet you are using “prints and dies” to debug your code. I know its the easiest way to debug any web based program.",Pavan,"Mar 17, 2009",https://www.opencodez.com/php/simple-logger.htm
How to generate image thumbnails in PHP,Thumbnails proves to be very useful in presenting various online and print media. Here I would like to share a simple function to generate image thumbnails in php. I used,Pavan,"Feb 17, 2009",https://www.opencodez.com/php/generate-image-thumbnails-in-php.htm
Create SSL Certificate and install in Xampp,"HTTPS, it’s a secure HTTP protocol. With the web becoming part of a day to day life people expect almost all application and services should be web enabled and it",Pavan,"Feb 14, 2009",https://www.opencodez.com/how-to-guide/ssl-certificate-and-install-in-xampp.htm
Note on Software Development,"Understand the requirements: It’s often the case that you (a developer) don’t gather requirements. It’s either project manager, lead or say module owner. Requirements are gathered and handed over to",Pavan,"Feb 13, 2009",https://www.opencodez.com/web-development/note-on-software-development.htm
Points you must check while installing XAMPP on Windows,"Xampp is the best option to run websites on windows. Very easy to install, manage. Good community, excellent support, nothing more is needed in Open Source Environment. It happens with",Pavan,"Feb 12, 2009",https://www.opencodez.com/web-server/installing-xampp-on-windows.htm
Sort your tables with out an extra server trip,"Name I need back my money Jack Bauer $10.00 Chuck Noris $19.00 Superman $32.12 Name Date Money Jack Bauer 22/05/1995 12,000 Chuck Noris 22/05/2010 8,500 TOTAL 21,500 ‘Table’ is",Pavan,"Feb 1, 2009",https://www.opencodez.com/java-script/sort-your-tables-with-out-an-extra-server-trip.htm
Automation Testing With Cypress – Simple and Easy Tutorial For Beginners,Empty,Pritam,Dec 13,https://www.opencodez.com/software-testing/automation-testing-with-cypress.htm
Simple Text Classification using Keras Deep Learning Python Library – Step By Step Guide,Empty,Pavan,Apr 30,https://www.opencodez.com/how-to-guide/text-classification-using-keras.htm
Top 5 Best JavaScript Frameworks in 2019,Empty,Shilpa,Aug 17,https://www.opencodez.com/java-script/5-best-javascript-frameworks-2017.htm
Salesforce Tutorial# 12: Salesforce MVC Architecture on Cloud,Empty,Renuka,Oct 12,https://www.opencodez.com/salesforce/visualforce-mvc-architecture-on-cloud.htm
Understanding Performance Improvement for Map in Java 8,Empty,Rahul,May 9,https://www.opencodez.com/java/java8-map-performance-improvements.htm
Top 5 Frameworks for Java Developers,Empty,Pavan,Jul 17,https://www.opencodez.com/java/top-5-frameworks-java-developers.htm
Build a Web service using PHP,Empty,Pavan,Apr 10,https://www.opencodez.com/php/build-a-web-service-using-php.htm
How Can Artificial Intelligence and Machine Learning Impact The Healthcare Industry,Empty,Rounak,Nov 18,https://www.opencodez.com/how-to-guide/how-can-artificial-intelligence-and-machine-learning-impact-the-healthcare-industry.htm
101 Most Important Frequently Asked Core Java Interview Questions to Ace an Interview – Part 1,Empty,Supriya,Mar 1,https://www.opencodez.com/java/101-core-java-interview-questions-to-ace-an-interview-part-1.htm
Oracle Job Scheduler Guide With Examples – Part 1,Empty,Pavan,Feb 28,https://www.opencodez.com/oracle/oracle-job-scheduler-guide-examples-part-1.htm
How to learn a Programming Language easily,Learning a programming language is as good as eating a cake! Basically all language have same fundamental pieces that one must understand.Â How to define variables How to call language,Pavan,"Dec 21, 2008",https://www.opencodez.com/how-to-guide/learning-a-programming-language.htm
How to become an Efficient and Good Programmer,"I have been in the Software Industry for more than 15 years now. From my experience in development,  I can tell you to become an efficient or good programmer, you",Pavan,"Dec 21, 2008",https://www.opencodez.com/how-to-guide/how-to-become-a-good-programmer.htm
Simple Guide to Spark Framework for Microservices,Empty,Pavan,Jan 18,https://www.opencodez.com/java/spark-framework-for-microservices.htm
How to Add a Shortcode in WordPress,Empty,Pavan,Apr 21,https://www.opencodez.com/wordpress-2/how-to-add-a-shortcode-in-wordpress.htm
Java Creational Design Patterns – Singleton Pattern,Empty,Supriya,Jun 26,https://www.opencodez.com/java/singleton-pattern.htm
Java Structural Design Patterns – Facade Pattern,Empty,Supriya,Oct 11,https://www.opencodez.com/java/facade-pattern.htm
Java Behavioral Design Patterns – Memento Design Pattern,Empty,Supriya,May 5,https://www.opencodez.com/java/memento-design-pattern.htm
51 Most Important ReactJS Interview Questions and Answers,Empty,Pavan,Apr 26,https://www.opencodez.com/web-development/51-important-reactjs-interview-questions-answers.htm
How to 301 Redirect Url in WordPress,Empty,Pavan,Jan 3,https://www.opencodez.com/wordpress/301-redirect-url-wordpress.htm
Top 8 Most Commonly asked HR Interview Questions With Answers,Empty,Shilpa,Mar 21,https://www.opencodez.com/how-to-guide/the-8-most-commonly-asked-hr-interview-questions.htm
10 Practical Reasons Why Software Testing / QA is a Good Career Option,Empty,Shilpa,Apr 23,https://www.opencodez.com/software-testing/10-practical-reasons-software-testing-good-career-option.htm
Free Simple WordPress Theme – Awakening,Empty,Pavan,Aug 27,https://www.opencodez.com/web-development/free-simple-wordpress-theme.htm
